{"cameraMode":{"drawMode":0,"name":"Shaded","section":"Shading Mode"},"sceneLighting":true,"audioPlay":false,"sceneViewState":{"showFog":true,"showMaterialUpdate":false,"showSkybox":true,"showFlares":true,"showImageEffects":true,"showParticleSystems":true},"in2DMode":false,"pivot":{"x":-2.708127498626709,"y":3.4075095653533937,"z":0.7249749898910523},"rotation":{"x":0.05615616589784622,"y":-0.07033338397741318,"z":0.003955377731472254,"w":0.9959564805030823},"size":7.71687126159668,"orthographic":true}